周一,西土城,沙河,6:50,7:50
周一,西土城,沙河,8:30,9:30
周一,西土城,沙河,12:00,13:00
周一,西土城,沙河,13:30,14:30
周一,西土城,沙河,14:20,15:20
周一,西土城,沙河,16:50,17:50
周一,西土城,宏福,9:00,10:00
周一,西土城,宏福,13:00,14:00
周二,西土城,沙河,6:50,7:50
周二,西土城,沙河,8:30,9:30
周二,西土城,沙河,12:00,13:00
周二,西土城,沙河,13:30,14:30
周二,西土城,沙河,14:20,15:20
周二,西土城,沙河,16:50,17:50
周二,西土城,宏福,9:00,10:00
周二,西土城,宏福,13:00,14:00
周三,西土城,沙河,6:50,7:50
周三,西土城,沙河,8:30,9:30
周三,西土城,沙河,12:00,13:00
周三,西土城,沙河,13:30,14:30
周三,西土城,沙河,16:50,17:50
周三,西土城,宏福,9:00,10:00
周三,西土城,宏福,13:00,14:00
周四,西土城,沙河,6:50,7:50
周四,西土城,沙河,8:30,9:30
周四,西土城,沙河,12:00,13:00
周四,西土城,沙河,13:30,14:30
周四,西土城,沙河,14:20,15:20
周四,西土城,沙河,16:50,17:50
周四,西土城,宏福,9:00,10:00
周四,西土城,宏福,13:00,14:00
周五,西土城,沙河,6:50,7:50
周五,西土城,沙河,8:30,9:30
周五,西土城,沙河,12:00,13:00
周五,西土城,沙河,13:30,14:30
周五,西土城,沙河,14:20,15:20
周五,西土城,宏福,9:00,10:00
周五,西土城,宏福,13:00,14:00
周一,沙河,西土城,9:50,10:50
周一,沙河,西土城,11:40,12:40
周一,沙河,西土城,13:00,14:00
周一,沙河,西土城,15:45,16:45
周一,沙河,西土城,17:10,18:10
周一,沙河,西土城,18:25,19:25
周一,沙河,西土城,21:10,22:10
周一,沙河,宏福,10:00,10:30
周一,沙河,宏福,13:00,13:30
周一,沙河,宏福,16:00,16:30
周二,沙河,西土城,9:50,10:50
周二,沙河,西土城,11:40,12:40
周二,沙河,西土城,13:00,14:00
周二,沙河,西土城,15:45,16:45
周二,沙河,西土城,17:10,18:10
周二,沙河,西土城,18:25,19:25
周二,沙河,西土城,21:10,22:10
周二,沙河,宏福,10:00,10:30
周二,沙河,宏福,13:00,13:30
周二,沙河,宏福,16:00,16:30
周三,沙河,西土城,9:50,10:50
周三,沙河,西土城,11:40,12:40
周三,沙河,西土城,13:00,14:00
周三,沙河,西土城,15:45,16:45
周三,沙河,西土城,17:10,18:10
周三,沙河,西土城,18:25,19:25
周三,沙河,西土城,21:10,22:10
周三,沙河,宏福,10:00,10:30
周三,沙河,宏福,13:00,13:30
周三,沙河,宏福,16:00,16:30
周四,沙河,西土城,9:50,10:50
周四,沙河,西土城,11:40,12:40
周四,沙河,西土城,13:00,14:00
周四,沙河,西土城,15:45,16:45
周四,沙河,西土城,17:10,18:10
周四,沙河,西土城,18:25,19:25
周四,沙河,西土城,21:10,22:10
周四,沙河,宏福,10:00,10:30
周四,沙河,宏福,13:00,13:30
周四,沙河,宏福,16:00,16:30
周五,沙河,西土城,9:50,10:50
周五,沙河,西土城,11:40,12:40
周五,沙河,西土城,13:00,14:00
周五,沙河,西土城,15:45,16:45
周五,沙河,西土城,17:10,18:10
周五,沙河,西土城,18:25,19:25
周五,沙河,西土城,21:10,22:10
周五,沙河,宏福,10:00,10:30
周五,沙河,宏福,13:00,13:30
周五,沙河,宏福,16:00,16:30
周一,宏福,西土城,8:00,9:00
周一,宏福,西土城,10:00,11:00
周一,宏福,西土城,13:00,14:00
周一,宏福,西土城,16:00,17:00
周一,宏福,沙河,9:00,9:30
周一,宏福,沙河,13:00,13:30
周一,宏福,沙河,15:00,15:30
周二,宏福,西土城,8:00,9:00
周二,宏福,西土城,10:00,11:00
周二,宏福,西土城,13:00,14:00
周二,宏福,西土城,16:00,17:00
周二,宏福,沙河,9:00,9:30
周二,宏福,沙河,13:00,13:30
周二,宏福,沙河,15:00,15:30
周三,宏福,西土城,8:00,9:00
周三,宏福,西土城,10:00,11:00
周三,宏福,西土城,13:00,14:00
周三,宏福,西土城,16:00,17:00
周三,宏福,沙河,9:00,9:30
周三,宏福,沙河,13:00,13:30
周三,宏福,沙河,15:00,15:30
周四,宏福,西土城,8:00,9:00
周四,宏福,西土城,10:00,11:00
周四,宏福,西土城,13:00,14:00
周四,宏福,西土城,16:00,17:00
周四,宏福,沙河,9:00,9:30
周四,宏福,沙河,13:00,13:30
周四,宏福,沙河,15:00,15:30
周五,宏福,西土城,8:00,9:00
周五,宏福,西土城,10:00,11:00
周五,宏福,西土城,13:00,14:00
周五,宏福,西土城,16:00,17:00
周五,宏福,沙河,9:00,9:30
周五,宏福,沙河,13:00,13:30
周五,宏福,沙河,15:00,15:30
